text,label,label_source
Sentetik örnek: enkaz altında mahsur kaldık yardım gerekiyor,1,synthetic
Kurgusal çağrı: binada mahsur kişiler için kurtarma ekibi gerekli,1,synthetic
Deneme mesajı: deprem bölgesine su ve gıda desteği gerekiyor,1,synthetic
Kurgusal aile için çadır ve battaniye yardımı talep ediliyor,1,synthetic
Sentetik paylaşım: enkazdaki kişilere ulaşmak için ekip lazım,1,synthetic
Deneme çağrısı: mahsur kalanlar için acil yardım bekleniyor,1,synthetic
Kurgusal barınma talebi: deprem sonrasında çadır ihtiyacı var,1,synthetic
Sentetik ihtiyaç: depremzedeler için temiz su desteği lazım,1,synthetic
Deneme talebi: enkaz kaldırma ve arama kurtarma desteği gerekli,1,synthetic
Kurgusal mesaj: mahsur kalan kişilerin yardım ihtiyacı sürüyor,1,synthetic
Sentetik çağrı: deprem sonrası güvenli barınma yardımı gerekiyor,1,synthetic
Kurgusal paylaşım: kurtarma ekibine ve ekipmana ihtiyaç var,1,synthetic
Deneme yardım isteği: battaniye ve gıda ihtiyacı karşılanmalı,1,synthetic
Sentetik talep: yıkılan binada arama kurtarma gerekiyor,1,synthetic
Kurgusal ihtiyaç duyurusu: çadır ve su yardımı bekleniyor,1,synthetic
Deneme çağrısı: enkaz altında kalanlara ulaşmak için yardım lazım,1,synthetic
Sentetik mesaj: deprem alanında kurtarma desteği talep ediliyor,1,synthetic
Kurgusal çağrı: barınacak yer bulunamadı yardım gerekiyor,1,synthetic
Deneme isteği: kurtarma araçları ve ekipman desteği gerekli,1,synthetic
Sentetik ihtiyaç çağrısı: su gıda battaniye desteği bekleniyor,1,synthetic
Sentetik örnek: bugün kitap okumak için zaman ayırdım,0,synthetic
Kurgusal mesaj: yeni bir yazılım projesi üzerinde çalışıyorum,0,synthetic
Deneme paylaşımı: kahve ve müzik güzel bir ikili,0,synthetic
Kurgusal yorum: bu hafta izlediğim filmi beğendim,0,synthetic
Sentetik paylaşım: hava durumu hakkında sohbet ediyoruz,0,synthetic
Deneme mesajı: futbol karşılaşmasının sonucu açıklandı,0,synthetic
Kurgusal yorum: üniversitede ders programı yenilendi,0,synthetic
Sentetik mesaj: Python ile veri analizi öğreniyorum,0,synthetic
Deneme paylaşımı: yeni bir yemek tarifi denedim,0,synthetic
Kurgusal mesaj: hafta sonu yürüyüş yapmayı düşünüyorum,0,synthetic
Sentetik yorum: toplantının gündemi yazılım geliştirme,0,synthetic
Kurgusal paylaşım: çevrim içi oyunda yeni bölüm açıldı,0,synthetic
Deneme yorum: okuduğum makale çok ilgi çekiciydi,0,synthetic
Sentetik mesaj: bir grafik çizmek için veri hazırladım,0,synthetic
Kurgusal yorum: bugün bir albüm dinledim,0,synthetic
Deneme paylaşımı: bisiklet rotasını planlıyorum,0,synthetic
Sentetik mesaj: fotoğrafçılık kursuna katıldım,0,synthetic
Kurgusal yorum: çalışma masamı düzenledim,0,synthetic
Deneme mesajı: uygulamanın arayüzünü yeniledim,0,synthetic
Sentetik paylaşım: bulmaca çözerek dinleniyorum,0,synthetic
